<?xml version='1.0' encoding='UTF-8'?>
<types:mule xmlns:types="http://www.mulesoft.org/schema/mule/types">
  <types:catalog>
    <types:type name="auto_70ef5a8b-ef48-4d8a-ab7d-8bfed2a8b84b_Input-Payload" format="java">
      <types:shape format="weave" example="weave/autogenerated/70ef5a8b-ef48-4d8a-ab7d-8bfed2a8b84b/Input-Payload.wev" autogeneratedOrigin="3b36a899-02e9-434e-816e-bb61a9e8590a"><![CDATA[%dw 2.0

type auto_70ef5a8b_ef48_4d8a_ab7d_8bfed2a8b84b_Input_Payload = Any

]]></types:shape>
    </types:type>
    <types:type name="auto_70ef5a8b-ef48-4d8a-ab7d-8bfed2a8b84b_Input-Variables-outboundHeaders" format="java">
      <types:shape format="weave" example="weave/autogenerated/70ef5a8b-ef48-4d8a-ab7d-8bfed2a8b84b/Input-Variables-outboundHeaders.wev" autogeneratedOrigin="3b36a899-02e9-434e-816e-bb61a9e8590a"><![CDATA[%dw 2.0

type auto_70ef5a8b_ef48_4d8a_ab7d_8bfed2a8b84b_Input_Variables_outboundHeaders = {|  |}

]]></types:shape>
    </types:type>
    <types:type name="auto_70ef5a8b-ef48-4d8a-ab7d-8bfed2a8b84b_Output-Variables-httpStatus" format="java">
      <types:shape format="raml" autogeneratedOrigin="3b36a899-02e9-434e-816e-bb61a9e8590a"><![CDATA[#%RAML 1.0 DataType
type: string]]></types:shape>
    </types:type>
    <types:type name="auto_70ef5a8b-ef48-4d8a-ab7d-8bfed2a8b84b_Input-Attributes" format="java">
      <types:shape format="weave" example="weave/autogenerated/70ef5a8b-ef48-4d8a-ab7d-8bfed2a8b84b/Input-Attributes.wev" autogeneratedOrigin="3b36a899-02e9-434e-816e-bb61a9e8590a"><![CDATA[%dw 2.0

type auto_70ef5a8b_ef48_4d8a_ab7d_8bfed2a8b84b_Input_Attributes = {|
  clientCertificate?: {|
    publicKey?: {|  |}, 
    "type"?: String, 
    encoded?: Binary
  |}, 
  headers: {|  |}, 
  listenerPath: String, 
  method: String, 
  queryParams: {|  |}, 
  queryString: String, 
  relativePath: String, 
  remoteAddress: String, 
  requestPath: String, 
  requestUri: String, 
  scheme: String, 
  uriParams: {|  |}, 
  version: String, 
  localAddress: String
|}

]]></types:shape>
    </types:type>
    <types:type name="auto_70ef5a8b-ef48-4d8a-ab7d-8bfed2a8b84b_Output-Variables-outboundHeaders" format="java">
      <types:shape format="weave" example="weave/autogenerated/70ef5a8b-ef48-4d8a-ab7d-8bfed2a8b84b/Output-Variables-outboundHeaders.wev" autogeneratedOrigin="3b36a899-02e9-434e-816e-bb61a9e8590a"><![CDATA[%dw 2.0

type auto_70ef5a8b_ef48_4d8a_ab7d_8bfed2a8b84b_Output_Variables_outboundHeaders = {|  |}

]]></types:shape>
    </types:type>
    <types:type name="auto_70ef5a8b-ef48-4d8a-ab7d-8bfed2a8b84b_Output-Payload" format="json">
      <types:shape format="weave" autogeneratedOrigin="3b36a899-02e9-434e-816e-bb61a9e8590a"><![CDATA[%dw 2.0

type auto_70ef5a8b_ef48_4d8a_ab7d_8bfed2a8b84b_Output_Payload = {|
  id?: Number {"typeId": "int"}, 
  text?: String
|} {"example": "{\\\"id\\\":123435,\\\"text\\\":\\\"What's capital of India?\\\"}"}

]]></types:shape>
    </types:type>
    <types:type name="auto_70ef5a8b-ef48-4d8a-ab7d-8bfed2a8b84b_Output-Attributes" format="java">
      <types:shape format="weave" example="weave/autogenerated/70ef5a8b-ef48-4d8a-ab7d-8bfed2a8b84b/Output-Attributes.wev" autogeneratedOrigin="3b36a899-02e9-434e-816e-bb61a9e8590a"><![CDATA[%dw 2.0

type auto_70ef5a8b_ef48_4d8a_ab7d_8bfed2a8b84b_Output_Attributes = Null

]]></types:shape>
    </types:type>
    <types:type name="auto_70ef5a8b-ef48-4d8a-ab7d-8bfed2a8b84b_Input-Variables-httpStatus" format="java">
      <types:shape format="raml" autogeneratedOrigin="3b36a899-02e9-434e-816e-bb61a9e8590a"><![CDATA[#%RAML 1.0 DataType
type: string]]></types:shape>
    </types:type>
    <types:type name="auto_fe283f2f-5e39-4770-a49e-961a4547501f_Input-Payload" format="java">
      <types:shape format="weave" example="weave/autogenerated/fe283f2f-5e39-4770-a49e-961a4547501f/Input-Payload.wev" autogeneratedOrigin="35e3de72-35a9-42a4-a7eb-02df35702037"><![CDATA[%dw 2.0

type auto_fe283f2f_5e39_4770_a49e_961a4547501f_Input_Payload = Any

]]></types:shape>
    </types:type>
    <types:type name="auto_fe283f2f-5e39-4770-a49e-961a4547501f_Input-Attributes" format="java">
      <types:shape format="weave" example="weave/autogenerated/fe283f2f-5e39-4770-a49e-961a4547501f/Input-Attributes.wev" autogeneratedOrigin="35e3de72-35a9-42a4-a7eb-02df35702037"><![CDATA[%dw 2.0

type auto_fe283f2f_5e39_4770_a49e_961a4547501f_Input_Attributes = {|
  clientCertificate?: {|
    publicKey?: {|  |}, 
    "type"?: String, 
    encoded?: Binary
  |}, 
  headers: {|  |}, 
  listenerPath: String, 
  method: String, 
  queryParams: {|  |}, 
  queryString: String, 
  relativePath: String, 
  remoteAddress: String, 
  requestPath: String, 
  requestUri: String, 
  scheme: String, 
  uriParams: {| uuid: String |}, 
  version: String, 
  localAddress: String
|}

]]></types:shape>
    </types:type>
    <types:type name="auto_fe283f2f-5e39-4770-a49e-961a4547501f_Input-Variables-outboundHeaders" format="java">
      <types:shape format="weave" example="weave/autogenerated/fe283f2f-5e39-4770-a49e-961a4547501f/Input-Variables-outboundHeaders.wev" autogeneratedOrigin="35e3de72-35a9-42a4-a7eb-02df35702037"><![CDATA[%dw 2.0

type auto_fe283f2f_5e39_4770_a49e_961a4547501f_Input_Variables_outboundHeaders = {|  |}

]]></types:shape>
    </types:type>
    <types:type name="auto_fe283f2f-5e39-4770-a49e-961a4547501f_Input-Variables-httpStatus" format="java">
      <types:shape format="raml" autogeneratedOrigin="35e3de72-35a9-42a4-a7eb-02df35702037"><![CDATA[#%RAML 1.0 DataType
type: string]]></types:shape>
    </types:type>
    <types:type name="auto_fe283f2f-5e39-4770-a49e-961a4547501f_Output-Payload" format="json">
      <types:shape format="weave" autogeneratedOrigin="35e3de72-35a9-42a4-a7eb-02df35702037"><![CDATA[%dw 2.0

type auto_fe283f2f_5e39_4770_a49e_961a4547501f_Output_Payload = {|
  responsive?: Number {"typeId": "int"}, 
  aggresive?: Number {"typeId": "int"}
|} {"example": "{\\\"responsive\\\":4,\\\"aggresive\\\":5}"}

]]></types:shape>
    </types:type>
    <types:type name="auto_fe283f2f-5e39-4770-a49e-961a4547501f_Output-Attributes" format="java">
      <types:shape format="weave" example="weave/autogenerated/fe283f2f-5e39-4770-a49e-961a4547501f/Output-Attributes.wev" autogeneratedOrigin="35e3de72-35a9-42a4-a7eb-02df35702037"><![CDATA[%dw 2.0

type auto_fe283f2f_5e39_4770_a49e_961a4547501f_Output_Attributes = Null

]]></types:shape>
    </types:type>
    <types:type name="auto_fe283f2f-5e39-4770-a49e-961a4547501f_Output-Variables-outboundHeaders" format="java">
      <types:shape format="weave" example="weave/autogenerated/fe283f2f-5e39-4770-a49e-961a4547501f/Output-Variables-outboundHeaders.wev" autogeneratedOrigin="35e3de72-35a9-42a4-a7eb-02df35702037"><![CDATA[%dw 2.0

type auto_fe283f2f_5e39_4770_a49e_961a4547501f_Output_Variables_outboundHeaders = {|  |}

]]></types:shape>
    </types:type>
    <types:type name="auto_fe283f2f-5e39-4770-a49e-961a4547501f_Output-Variables-httpStatus" format="java">
      <types:shape format="raml" autogeneratedOrigin="35e3de72-35a9-42a4-a7eb-02df35702037"><![CDATA[#%RAML 1.0 DataType
type: string]]></types:shape>
    </types:type>
    <types:type name="auto_0e07e425-110c-4bde-b2be-f3413c96e86e_Input-Payload" format="json">
      <types:shape format="weave" autogeneratedOrigin="20c416f6-2691-44b1-aa46-d293fc3afd9a"><![CDATA[%dw 2.0

type auto_0e07e425_110c_4bde_b2be_f3413c96e86e_Input_Payload = {|
  name?: String, 
  age?: Number {"typeId": "int"}, 
  email?: String, 
  responses?: Array<{|    questionId?: String,     response?: String  |}>
|} {"example": "{\\\"name\\\":\\\"XYZ\\\",\\\"age\\\":18,\\\"email\\\":\\\"xyz@gmail.com\\\",\\\"responses\\\":[{\\\"questionId\\\":\\\"535353\\\",\\\"response\\\":\\\"0\\\"}]}"}

]]></types:shape>
    </types:type>
    <types:type name="auto_0e07e425-110c-4bde-b2be-f3413c96e86e_Input-Attributes" format="java">
      <types:shape format="weave" example="weave/autogenerated/0e07e425-110c-4bde-b2be-f3413c96e86e/Input-Attributes.wev" autogeneratedOrigin="20c416f6-2691-44b1-aa46-d293fc3afd9a"><![CDATA[%dw 2.0

type auto_0e07e425_110c_4bde_b2be_f3413c96e86e_Input_Attributes = {|
  clientCertificate?: {|
    publicKey?: {|  |}, 
    "type"?: String, 
    encoded?: Binary
  |}, 
  headers: {|  |}, 
  listenerPath: String, 
  method: String, 
  queryParams: {|  |}, 
  queryString: String, 
  relativePath: String, 
  remoteAddress: String, 
  requestPath: String, 
  requestUri: String, 
  scheme: String, 
  uriParams: {|  |}, 
  version: String, 
  localAddress: String
|}

]]></types:shape>
    </types:type>
    <types:type name="auto_0e07e425-110c-4bde-b2be-f3413c96e86e_Input-Variables-outboundHeaders" format="java">
      <types:shape format="weave" example="weave/autogenerated/0e07e425-110c-4bde-b2be-f3413c96e86e/Input-Variables-outboundHeaders.wev" autogeneratedOrigin="20c416f6-2691-44b1-aa46-d293fc3afd9a"><![CDATA[%dw 2.0

type auto_0e07e425_110c_4bde_b2be_f3413c96e86e_Input_Variables_outboundHeaders = {|  |}

]]></types:shape>
    </types:type>
    <types:type name="auto_0e07e425-110c-4bde-b2be-f3413c96e86e_Input-Variables-httpStatus" format="java">
      <types:shape format="raml" autogeneratedOrigin="20c416f6-2691-44b1-aa46-d293fc3afd9a"><![CDATA[#%RAML 1.0 DataType
type: string]]></types:shape>
    </types:type>
    <types:type name="auto_0e07e425-110c-4bde-b2be-f3413c96e86e_Output-Payload" format="json">
      <types:shape format="weave" autogeneratedOrigin="20c416f6-2691-44b1-aa46-d293fc3afd9a"><![CDATA[%dw 2.0

type auto_0e07e425_110c_4bde_b2be_f3413c96e86e_Output_Payload = {| uuid?: String |} {"example": "{\\\"uuid\\\":\\\"8987-eyvv-67456\\\"}"}

]]></types:shape>
    </types:type>
    <types:type name="auto_0e07e425-110c-4bde-b2be-f3413c96e86e_Output-Attributes" format="java">
      <types:shape format="weave" example="weave/autogenerated/0e07e425-110c-4bde-b2be-f3413c96e86e/Output-Attributes.wev" autogeneratedOrigin="20c416f6-2691-44b1-aa46-d293fc3afd9a"><![CDATA[%dw 2.0

type auto_0e07e425_110c_4bde_b2be_f3413c96e86e_Output_Attributes = Null

]]></types:shape>
    </types:type>
    <types:type name="auto_0e07e425-110c-4bde-b2be-f3413c96e86e_Output-Variables-outboundHeaders" format="java">
      <types:shape format="weave" example="weave/autogenerated/0e07e425-110c-4bde-b2be-f3413c96e86e/Output-Variables-outboundHeaders.wev" autogeneratedOrigin="20c416f6-2691-44b1-aa46-d293fc3afd9a"><![CDATA[%dw 2.0

type auto_0e07e425_110c_4bde_b2be_f3413c96e86e_Output_Variables_outboundHeaders = {|  |}

]]></types:shape>
    </types:type>
    <types:type name="auto_0e07e425-110c-4bde-b2be-f3413c96e86e_Output-Variables-httpStatus" format="java">
      <types:shape format="raml" autogeneratedOrigin="20c416f6-2691-44b1-aa46-d293fc3afd9a"><![CDATA[#%RAML 1.0 DataType
type: string]]></types:shape>
    </types:type>
    <types:type name="auto_19e4a8ab-dfea-41f6-8e3f-8941e5aa91f8_Input-Payload" format="json">
      <types:shape format="weave" autogeneratedOrigin="892312d1-6368-46a6-a554-571ed8b1b8dd"><![CDATA[%dw 2.0

type auto_19e4a8ab_dfea_41f6_8e3f_8941e5aa91f8_Input_Payload = {|
  name?: String, 
  age?: Number {"typeId": "int"}, 
  email?: String, 
  responses?: Array<{|    questionId?: String,     response?: String  |}>
|} {"example": "{\\\"name\\\":\\\"XYZ\\\",\\\"age\\\":18,\\\"email\\\":\\\"xyz@gmail.com\\\",\\\"responses\\\":[{\\\"questionId\\\":\\\"535353\\\",\\\"response\\\":\\\"0\\\"}]}"}

]]></types:shape>
    </types:type>
    <types:type name="auto_19e4a8ab-dfea-41f6-8e3f-8941e5aa91f8_Input-Attributes" format="java">
      <types:shape format="weave" example="weave/autogenerated/19e4a8ab-dfea-41f6-8e3f-8941e5aa91f8/Input-Attributes.wev" autogeneratedOrigin="892312d1-6368-46a6-a554-571ed8b1b8dd"><![CDATA[%dw 2.0

type auto_19e4a8ab_dfea_41f6_8e3f_8941e5aa91f8_Input_Attributes = {|
  clientCertificate?: {|
    publicKey?: {|  |}, 
    "type"?: String, 
    encoded?: Binary
  |}, 
  headers: {|  |}, 
  listenerPath: String, 
  method: String, 
  queryParams: {|  |}, 
  queryString: String, 
  relativePath: String, 
  remoteAddress: String, 
  requestPath: String, 
  requestUri: String, 
  scheme: String, 
  uriParams: {|  |}, 
  version: String, 
  localAddress: String
|}

]]></types:shape>
    </types:type>
    <types:type name="auto_19e4a8ab-dfea-41f6-8e3f-8941e5aa91f8_Input-Variables-outboundHeaders" format="java">
      <types:shape format="weave" example="weave/autogenerated/19e4a8ab-dfea-41f6-8e3f-8941e5aa91f8/Input-Variables-outboundHeaders.wev" autogeneratedOrigin="892312d1-6368-46a6-a554-571ed8b1b8dd"><![CDATA[%dw 2.0

type auto_19e4a8ab_dfea_41f6_8e3f_8941e5aa91f8_Input_Variables_outboundHeaders = {|  |}

]]></types:shape>
    </types:type>
    <types:type name="auto_19e4a8ab-dfea-41f6-8e3f-8941e5aa91f8_Input-Variables-httpStatus" format="java">
      <types:shape format="raml" autogeneratedOrigin="892312d1-6368-46a6-a554-571ed8b1b8dd"><![CDATA[#%RAML 1.0 DataType
type: string]]></types:shape>
    </types:type>
    <types:type name="auto_19e4a8ab-dfea-41f6-8e3f-8941e5aa91f8_Output-Payload" format="json">
      <types:shape format="weave" autogeneratedOrigin="892312d1-6368-46a6-a554-571ed8b1b8dd"><![CDATA[%dw 2.0

type auto_19e4a8ab_dfea_41f6_8e3f_8941e5aa91f8_Output_Payload = {| uuid?: String |} {"example": "{\\\"uuid\\\":\\\"8987-eyvv-67456\\\"}"}

]]></types:shape>
    </types:type>
    <types:type name="auto_19e4a8ab-dfea-41f6-8e3f-8941e5aa91f8_Output-Attributes" format="java">
      <types:shape format="weave" example="weave/autogenerated/19e4a8ab-dfea-41f6-8e3f-8941e5aa91f8/Output-Attributes.wev" autogeneratedOrigin="892312d1-6368-46a6-a554-571ed8b1b8dd"><![CDATA[%dw 2.0

type auto_19e4a8ab_dfea_41f6_8e3f_8941e5aa91f8_Output_Attributes = Null

]]></types:shape>
    </types:type>
    <types:type name="auto_19e4a8ab-dfea-41f6-8e3f-8941e5aa91f8_Output-Variables-outboundHeaders" format="java">
      <types:shape format="weave" example="weave/autogenerated/19e4a8ab-dfea-41f6-8e3f-8941e5aa91f8/Output-Variables-outboundHeaders.wev" autogeneratedOrigin="892312d1-6368-46a6-a554-571ed8b1b8dd"><![CDATA[%dw 2.0

type auto_19e4a8ab_dfea_41f6_8e3f_8941e5aa91f8_Output_Variables_outboundHeaders = {|  |}

]]></types:shape>
    </types:type>
    <types:type name="auto_19e4a8ab-dfea-41f6-8e3f-8941e5aa91f8_Output-Variables-httpStatus" format="java">
      <types:shape format="raml" autogeneratedOrigin="892312d1-6368-46a6-a554-571ed8b1b8dd"><![CDATA[#%RAML 1.0 DataType
type: string]]></types:shape>
    </types:type>
  </types:catalog>
  <types:enrichment select="#70ef5a8b-ef48-4d8a-ab7d-8bfed2a8b84b">
    <types:processor-declaration>
      <types:input-event>
        <types:message>
          <types:payload type="auto_70ef5a8b-ef48-4d8a-ab7d-8bfed2a8b84b_Input-Payload"/>
          <types:attributes type="auto_70ef5a8b-ef48-4d8a-ab7d-8bfed2a8b84b_Input-Attributes"/>
        </types:message>
        <types:variables>
          <types:variable name="outboundHeaders" type="auto_70ef5a8b-ef48-4d8a-ab7d-8bfed2a8b84b_Input-Variables-outboundHeaders"/>
          <types:variable name="httpStatus" type="auto_70ef5a8b-ef48-4d8a-ab7d-8bfed2a8b84b_Input-Variables-httpStatus"/>
        </types:variables>
      </types:input-event>
      <types:output-event>
        <types:message>
          <types:payload type="auto_70ef5a8b-ef48-4d8a-ab7d-8bfed2a8b84b_Output-Payload"/>
          <types:attributes type="auto_70ef5a8b-ef48-4d8a-ab7d-8bfed2a8b84b_Output-Attributes"/>
        </types:message>
        <types:variables>
          <types:variable name="outboundHeaders" type="auto_70ef5a8b-ef48-4d8a-ab7d-8bfed2a8b84b_Output-Variables-outboundHeaders"/>
          <types:variable name="httpStatus" type="auto_70ef5a8b-ef48-4d8a-ab7d-8bfed2a8b84b_Output-Variables-httpStatus"/>
        </types:variables>
      </types:output-event>
    </types:processor-declaration>
  </types:enrichment>
  <types:enrichment select="#fe283f2f-5e39-4770-a49e-961a4547501f">
    <types:processor-declaration>
      <types:input-event>
        <types:message>
          <types:payload type="auto_fe283f2f-5e39-4770-a49e-961a4547501f_Input-Payload"/>
          <types:attributes type="auto_fe283f2f-5e39-4770-a49e-961a4547501f_Input-Attributes"/>
        </types:message>
        <types:variables>
          <types:variable name="outboundHeaders" type="auto_fe283f2f-5e39-4770-a49e-961a4547501f_Input-Variables-outboundHeaders"/>
          <types:variable name="httpStatus" type="auto_fe283f2f-5e39-4770-a49e-961a4547501f_Input-Variables-httpStatus"/>
        </types:variables>
      </types:input-event>
      <types:output-event>
        <types:message>
          <types:payload type="auto_fe283f2f-5e39-4770-a49e-961a4547501f_Output-Payload"/>
          <types:attributes type="auto_fe283f2f-5e39-4770-a49e-961a4547501f_Output-Attributes"/>
        </types:message>
        <types:variables>
          <types:variable name="outboundHeaders" type="auto_fe283f2f-5e39-4770-a49e-961a4547501f_Output-Variables-outboundHeaders"/>
          <types:variable name="httpStatus" type="auto_fe283f2f-5e39-4770-a49e-961a4547501f_Output-Variables-httpStatus"/>
        </types:variables>
      </types:output-event>
    </types:processor-declaration>
  </types:enrichment>
  <types:enrichment select="#0e07e425-110c-4bde-b2be-f3413c96e86e">
    <types:processor-declaration>
      <types:input-event>
        <types:message>
          <types:payload type="auto_0e07e425-110c-4bde-b2be-f3413c96e86e_Input-Payload"/>
          <types:attributes type="auto_0e07e425-110c-4bde-b2be-f3413c96e86e_Input-Attributes"/>
        </types:message>
        <types:variables>
          <types:variable name="outboundHeaders" type="auto_0e07e425-110c-4bde-b2be-f3413c96e86e_Input-Variables-outboundHeaders"/>
          <types:variable name="httpStatus" type="auto_0e07e425-110c-4bde-b2be-f3413c96e86e_Input-Variables-httpStatus"/>
        </types:variables>
      </types:input-event>
      <types:output-event>
        <types:message>
          <types:payload type="auto_0e07e425-110c-4bde-b2be-f3413c96e86e_Output-Payload"/>
          <types:attributes type="auto_0e07e425-110c-4bde-b2be-f3413c96e86e_Output-Attributes"/>
        </types:message>
        <types:variables>
          <types:variable name="outboundHeaders" type="auto_0e07e425-110c-4bde-b2be-f3413c96e86e_Output-Variables-outboundHeaders"/>
          <types:variable name="httpStatus" type="auto_0e07e425-110c-4bde-b2be-f3413c96e86e_Output-Variables-httpStatus"/>
        </types:variables>
      </types:output-event>
    </types:processor-declaration>
  </types:enrichment>
  <types:enrichment select="#19e4a8ab-dfea-41f6-8e3f-8941e5aa91f8">
    <types:processor-declaration>
      <types:input-event>
        <types:message>
          <types:payload type="auto_19e4a8ab-dfea-41f6-8e3f-8941e5aa91f8_Input-Payload"/>
          <types:attributes type="auto_19e4a8ab-dfea-41f6-8e3f-8941e5aa91f8_Input-Attributes"/>
        </types:message>
        <types:variables>
          <types:variable name="outboundHeaders" type="auto_19e4a8ab-dfea-41f6-8e3f-8941e5aa91f8_Input-Variables-outboundHeaders"/>
          <types:variable name="httpStatus" type="auto_19e4a8ab-dfea-41f6-8e3f-8941e5aa91f8_Input-Variables-httpStatus"/>
        </types:variables>
      </types:input-event>
      <types:output-event>
        <types:message>
          <types:payload type="auto_19e4a8ab-dfea-41f6-8e3f-8941e5aa91f8_Output-Payload"/>
          <types:attributes type="auto_19e4a8ab-dfea-41f6-8e3f-8941e5aa91f8_Output-Attributes"/>
        </types:message>
        <types:variables>
          <types:variable name="outboundHeaders" type="auto_19e4a8ab-dfea-41f6-8e3f-8941e5aa91f8_Output-Variables-outboundHeaders"/>
          <types:variable name="httpStatus" type="auto_19e4a8ab-dfea-41f6-8e3f-8941e5aa91f8_Output-Variables-httpStatus"/>
        </types:variables>
      </types:output-event>
    </types:processor-declaration>
  </types:enrichment>
</types:mule>